one1.wav,1
one2.wav,1
one3.wav,1
one.wav,1
one4.wav,1
one5.wav,1
one6.wav,1
one7.wav,1
one8.wav,1
one9.wav,1
one10.wav,1
one11.wav,1
one12.wav,1
one13.wav,1
one14.wav,1
one20.wav,1
one15.wav,1
one16.wav,1
one17.wav,1
one18.wav,1
one19.wav,1
three.wav,3
three2.wav,3
three3.wav,3
three4.wav,3
three5.wav,3
three6.wav,3
three7.wav,3
three8.wav,3
three9.wav,3
three10.wav,3
three11.wav,3
three12.wav,3
three13.wav,3
three14.wav,3
three15.wav,3
three16.wav,3
three17.wav,3
three18.wav,3
three19.wav,3
three20.wav,3
one21.wav,1
one22.wav,1
one23.wav,1
one24.wav,1
one25.wav,1
one26.wav,1
one27.wav,1
one28.wav,1
one29.wav,1
one30.wav,1
one31.wav,1
one32.wav,1
one33.wav,1
one34.wav,1
one35.wav,1
one36.wav,1
one37.wav,1
one38.wav,1
one39.wav,1
one40.wav,1
three21.wav,3
three22.wav,3
three23.wav,3
three24.wav,3
three25.wav,3
three26.wav,3
three27.wav,3
three28.wav,3
three29.wav,3
three30.wav,3
three31.wav,3
three32.wav,3
three33.wav,3
three34.wav,3
three35.wav,3
three36.wav,3
three37.wav,3
three38.wav,3
three39.wav,3
three40.wav,3
